timestamp,price,quantity,trade_id,is_buyer_maker,price_usd
1752831445,118708.57,0.0026,5096296594,True,118708.57
1752831446,118708.58,0.01305,5096296595,False,118708.58
1752831446,118708.58,0.00047,5096296596,False,118708.58
1752831446,118708.57,0.00062,5096296597,True,118708.57
1752831447,118708.58,0.061,5096296598,False,118708.58
1752831447,118708.58,0.00134,5096296599,False,118708.58
1752831447,118708.58,0.00345,5096296600,False,118708.58
1752831447,118708.58,0.00945,5096296601,False,118708.58
1752831447,118708.57,0.08444,5096296602,True,118708.57
1752831447,118708.58,7e-05,5096296603,False,118708.58
1752831447,118708.58,0.001,5096296604,False,118708.58
1752831448,118708.58,0.00011,5096296605,False,118708.58
1752831448,118708.58,0.00842,5096296606,False,118708.58
1752831448,118708.57,0.00021,5096296607,True,118708.57
1752831448,118708.58,0.00645,5096296608,False,118708.58
1752831448,118708.57,0.00022,5096296609,True,118708.57
1752831448,118708.57,0.01,5096296610,True,118708.57
1752831448,118708.57,0.02545,5096296611,True,118708.57
1752831448,118708.57,5e-05,5096296612,True,118708.57
1752831448,118708.57,0.0005,5096296613,True,118708.57
1752831449,118708.58,0.00146,5096296614,False,118708.58
1752831449,118708.58,0.12416,5096296615,False,118708.58
1752831449,118708.58,0.0048,5096296616,False,118708.58
1752831449,118708.58,0.00919,5096296617,False,118708.58
1752831449,118708.58,0.0001,5096296618,False,118708.58
1752831449,118708.58,0.02412,5096296619,False,118708.58
1752831449,118708.58,0.00105,5096296620,False,118708.58
1752831449,118708.58,0.04895,5096296621,False,118708.58
1752831449,118708.58,5e-05,5096296622,False,118708.58
1752831449,118708.58,0.02327,5096296623,False,118708.58
1752831449,118708.58,5e-05,5096296624,False,118708.58
1752831449,118708.58,0.00049,5096296625,False,118708.58
1752831449,118708.58,0.0005,5096296626,False,118708.58
1752831449,118708.58,0.0005,5096296627,False,118708.58
1752831449,118708.58,0.00897,5096296628,False,118708.58
1752831449,118708.58,0.02876,5096296629,False,118708.58
1752831449,118708.58,0.03066,5096296630,False,118708.58
1752831449,118708.58,5e-05,5096296631,False,118708.58
1752831449,118708.58,5e-05,5096296632,False,118708.58
1752831449,118708.58,0.00224,5096296633,False,118708.58
1752831449,118708.58,0.02899,5096296634,False,118708.58
1752831449,118708.58,0.01408,5096296635,False,118708.58
1752831449,118708.58,5e-05,5096296636,False,118708.58
1752831449,118708.58,5e-05,5096296637,False,118708.58
1752831449,118708.58,5e-05,5096296638,False,118708.58
1752831449,118708.58,5e-05,5096296639,False,118708.58
1752831449,118708.58,5e-05,5096296640,False,118708.58
1752831449,118708.58,5e-05,5096296641,False,118708.58
1752831449,118708.58,5e-05,5096296642,False,118708.58
1752831449,118708.58,5e-05,5096296643,False,118708.58
1752831449,118708.58,5e-05,5096296644,False,118708.58
1752831449,118708.58,5e-05,5096296645,False,118708.58
1752831449,118708.58,5e-05,5096296646,False,118708.58
1752831449,118708.58,5e-05,5096296647,False,118708.58
1752831449,118708.58,5e-05,5096296648,False,118708.58
1752831449,118708.58,5e-05,5096296649,False,118708.58
1752831449,118708.99,5e-05,5096296650,False,118708.99
1752831449,118708.99,5e-05,5096296651,False,118708.99
1752831449,118708.99,5e-05,5096296652,False,118708.99
1752831449,118709.0,0.04234,5096296653,False,118709.0
1752831449,118709.0,0.02408,5096296654,False,118709.0
1752831449,118709.0,0.0001,5096296655,False,118709.0
1752831449,118709.0,5e-05,5096296656,False,118709.0
1752831449,118709.0,5e-05,5096296657,False,118709.0
1752831449,118709.39,0.00063,5096296658,False,118709.39
1752831449,118709.42,0.00042,5096296659,False,118709.42
1752831449,118709.44,0.0001,5096296660,False,118709.44
1752831449,118709.44,5e-05,5096296661,False,118709.44
1752831449,118709.44,5e-05,5096296662,False,118709.44
1752831449,118709.59,0.00063,5096296663,False,118709.59
1752831449,118709.82,5e-05,5096296664,False,118709.82
1752831449,118710.59,5e-05,5096296665,False,118710.59
1752831449,118710.96,0.0005,5096296666,False,118710.96
1752831449,118711.01,5e-05,5096296667,False,118711.01
1752831449,118714.31,0.0013,5096296668,True,118714.31
1752831449,118714.31,0.0487,5096296669,True,118714.31
1752831449,118714.32,0.00022,5096296670,False,118714.32
1752831449,118714.32,0.01183,5096296671,False,118714.32
1752831449,118714.32,5e-05,5096296672,False,118714.32
1752831449,118714.32,5e-05,5096296673,False,118714.32
1752831449,118714.32,0.0001,5096296674,False,118714.32
1752831449,118714.32,5e-05,5096296675,False,118714.32
1752831449,118714.32,5e-05,5096296676,False,118714.32
1752831449,118714.32,5e-05,5096296677,False,118714.32
1752831449,118714.32,5e-05,5096296678,False,118714.32
1752831449,118714.32,5e-05,5096296679,False,118714.32
1752831449,118714.32,5e-05,5096296680,False,118714.32
1752831449,118714.32,5e-05,5096296681,False,118714.32
1752831449,118714.32,5e-05,5096296682,False,118714.32
1752831449,118714.33,0.0001,5096296683,False,118714.33
1752831449,118714.88,7e-05,5096296684,False,118714.88
1752831449,118714.31,0.05,5096296685,True,118714.31
1752831449,118714.31,0.05,5096296686,True,118714.31
1752831449,118714.32,0.0001,5096296687,False,118714.32
1752831449,118714.32,0.02412,5096296688,False,118714.32
1752831449,118714.32,5e-05,5096296689,False,118714.32
1752831449,118714.32,5e-05,5096296690,False,118714.32
1752831449,118714.32,5e-05,5096296691,False,118714.32
1752831449,118714.32,5e-05,5096296692,False,118714.32
1752831449,118714.32,5e-05,5096296693,False,118714.32
1752831449,118714.32,5e-05,5096296694,False,118714.32
1752831449,118714.32,5e-05,5096296695,False,118714.32
1752831449,118714.32,5e-05,5096296696,False,118714.32
1752831449,118714.32,5e-05,5096296697,False,118714.32
1752831449,118714.32,5e-05,5096296698,False,118714.32
1752831449,118715.1,0.00049,5096296699,False,118715.1
1752831449,118715.1,0.0005,5096296700,False,118715.1
1752831449,118715.12,0.00027,5096296701,False,118715.12
1752831449,118715.12,0.00015,5096296702,False,118715.12
1752831449,118715.13,0.00063,5096296703,False,118715.13
1752831449,118715.13,0.00063,5096296704,False,118715.13
1752831449,118715.13,0.00063,5096296705,False,118715.13
1752831449,118717.75,0.0007,5096296706,False,118717.75
1752831449,118717.74,0.00035,5096296707,True,118717.74
1752831449,118717.74,0.04965,5096296708,True,118717.74
1752831449,118717.74,0.00613,5096296709,True,118717.74
1752831449,118717.74,0.04387,5096296710,True,118717.74
1752831449,118717.75,0.0001,5096296711,False,118717.75
1752831449,118717.75,5e-05,5096296712,False,118717.75
1752831449,118717.75,5e-05,5096296713,False,118717.75
1752831449,118717.75,5e-05,5096296714,False,118717.75
1752831449,118717.75,5e-05,5096296715,False,118717.75
1752831449,118717.75,5e-05,5096296716,False,118717.75
1752831449,118717.75,5e-05,5096296717,False,118717.75
1752831449,118717.75,5e-05,5096296718,False,118717.75
1752831449,118717.75,5e-05,5096296719,False,118717.75
1752831449,118717.75,5e-05,5096296720,False,118717.75
1752831449,118717.75,5e-05,5096296721,False,118717.75
1752831449,118719.36,5e-05,5096296722,True,118719.36
1752831449,118719.36,0.04995,5096296723,True,118719.36
1752831449,118719.36,0.05,5096296724,True,118719.36
1752831449,118719.36,0.05,5096296725,True,118719.36
1752831449,118719.37,5e-05,5096296726,False,118719.37
1752831449,118719.37,5e-05,5096296727,False,118719.37
1752831449,118719.37,5e-05,5096296728,False,118719.37
1752831449,118719.37,5e-05,5096296729,False,118719.37
1752831449,118719.37,5e-05,5096296730,False,118719.37
1752831449,118719.37,5e-05,5096296731,False,118719.37
1752831449,118719.37,5e-05,5096296732,False,118719.37
1752831449,118719.37,5e-05,5096296733,False,118719.37
1752831449,118719.37,5e-05,5096296734,False,118719.37
1752831449,118719.37,5e-05,5096296735,False,118719.37
1752831449,118719.37,0.0001,5096296736,False,118719.37
1752831449,118719.96,0.0001,5096296737,False,118719.96
1752831449,118719.99,5e-05,5096296738,False,118719.99
1752831449,118719.99,5e-05,5096296739,False,118719.99
1752831449,118719.99,0.0168,5096296740,False,118719.99
1752831449,118719.98,0.00043,5096296741,True,118719.98
1752831449,118719.98,0.04957,5096296742,True,118719.98
1752831449,118719.98,0.05,5096296743,True,118719.98
1752831449,118719.98,0.05,5096296744,True,118719.98
1752831449,118719.99,5e-05,5096296745,False,118719.99
1752831449,118719.99,5e-05,5096296746,False,118719.99
1752831449,118719.99,0.0001,5096296747,False,118719.99
1752831449,118719.99,5e-05,5096296748,False,118719.99
1752831449,118719.99,5e-05,5096296749,False,118719.99
1752831449,118719.99,5e-05,5096296750,False,118719.99
1752831449,118719.99,5e-05,5096296751,False,118719.99
1752831449,118719.99,5e-05,5096296752,False,118719.99
1752831449,118719.99,5e-05,5096296753,False,118719.99
1752831449,118719.99,5e-05,5096296754,False,118719.99
1752831449,118719.99,5e-05,5096296755,False,118719.99
1752831449,118719.99,5e-05,5096296756,False,118719.99
1752831449,118719.99,5e-05,5096296757,False,118719.99
1752831449,118719.99,0.00044,5096296758,False,118719.99
1752831449,118719.99,0.00049,5096296759,False,118719.99
1752831449,118719.99,5e-05,5096296760,False,118719.99
1752831449,118720.0,5e-05,5096296761,False,118720.0
1752831449,118720.0,0.01685,5096296762,False,118720.0
1752831449,118720.0,0.0001,5096296763,False,118720.0
1752831449,118720.0,5e-05,5096296764,False,118720.0
1752831449,118720.0,5e-05,5096296765,False,118720.0
1752831449,118721.14,9e-05,5096296766,False,118721.14
1752831449,118721.75,5e-05,5096296767,False,118721.75
1752831449,118721.75,5e-05,5096296768,False,118721.75
1752831449,118721.75,5e-05,5096296769,False,118721.75
1752831449,118721.76,0.099,5096296770,False,118721.76
1752831449,118721.76,5e-05,5096296771,False,118721.76
1752831449,118721.76,5e-05,5096296772,False,118721.76
1752831449,118722.77,0.05,5096296773,True,118722.77
1752831449,118722.77,0.05,5096296774,True,118722.77
1752831449,118722.77,0.05,5096296775,True,118722.77
1752831449,118722.77,0.05,5096296776,True,118722.77
1752831449,118722.78,5e-05,5096296777,False,118722.78
1752831449,118722.78,5e-05,5096296778,False,118722.78
1752831449,118722.78,5e-05,5096296779,False,118722.78
1752831449,118722.78,5e-05,5096296780,False,118722.78
1752831449,118722.78,5e-05,5096296781,False,118722.78
1752831449,118722.78,0.0001,5096296782,False,118722.78
1752831449,118722.78,5e-05,5096296783,False,118722.78
1752831449,118722.78,5e-05,5096296784,False,118722.78
1752831449,118722.78,5e-05,5096296785,False,118722.78
1752831449,118722.78,5e-05,5096296786,False,118722.78
1752831449,118722.78,5e-05,5096296787,False,118722.78
1752831449,118722.78,5e-05,5096296788,False,118722.78
1752831449,118723.77,0.05,5096296789,True,118723.77
1752831449,118723.77,0.05,5096296790,True,118723.77
1752831450,118723.78,0.00021,5096296791,False,118723.78
1752831450,118723.78,0.0001,5096296792,False,118723.78
1752831450,118723.78,5e-05,5096296793,False,118723.78
1752831450,118723.78,5e-05,5096296794,False,118723.78
1752831450,118723.78,5e-05,5096296795,False,118723.78
1752831450,118723.78,5e-05,5096296796,False,118723.78
1752831450,118723.78,5e-05,5096296797,False,118723.78
1752831450,118723.78,5e-05,5096296798,False,118723.78
1752831450,118723.78,5e-05,5096296799,False,118723.78
1752831450,118723.78,5e-05,5096296800,False,118723.78
1752831450,118723.78,0.0005,5096296801,False,118723.78
1752831450,118723.78,0.0005,5096296802,False,118723.78
1752831450,118723.78,0.07896,5096296803,False,118723.78
1752831450,118723.78,0.00049,5096296804,False,118723.78
1752831450,118723.78,5e-05,5096296805,False,118723.78
1752831450,118723.78,5e-05,5096296806,False,118723.78
1752831450,118723.78,0.0001,5096296807,False,118723.78
1752831450,118723.78,5e-05,5096296808,False,118723.78
1752831450,118723.78,5e-05,5096296809,False,118723.78
1752831450,118723.78,5e-05,5096296810,False,118723.78
1752831450,118723.78,5e-05,5096296811,False,118723.78
1752831450,118723.78,5e-05,5096296812,False,118723.78
1752831450,118723.78,5e-05,5096296813,False,118723.78
1752831450,118723.78,5e-05,5096296814,False,118723.78
1752831450,118723.78,5e-05,5096296815,False,118723.78
1752831450,118723.78,0.0337,5096296816,False,118723.78
1752831450,118723.78,0.0206,5096296817,False,118723.78
1752831450,118723.78,5e-05,5096296818,False,118723.78
1752831450,118723.78,5e-05,5096296819,False,118723.78
1752831450,118723.78,0.00049,5096296820,False,118723.78
1752831450,118723.78,0.00049,5096296821,False,118723.78
1752831450,118724.43,0.00025,5096296822,False,118724.43
1752831450,118724.62,0.003,5096296823,False,118724.62
1752831450,118724.62,0.0001,5096296824,False,118724.62
1752831450,118724.99,0.00014,5096296825,False,118724.99
1752831450,118724.99,5e-05,5096296826,False,118724.99
1752831450,118724.99,5e-05,5096296827,False,118724.99
1752831450,118724.99,5e-05,5096296828,False,118724.99
1752831450,118725.0,0.00015,5096296829,False,118725.0
1752831450,118725.0,0.00068,5096296830,False,118725.0
1752831450,118724.99,0.00012,5096296831,True,118724.99
1752831450,118725.0,0.00046,5096296832,False,118725.0
1752831450,118724.99,0.05,5096296833,True,118724.99
1752831450,118724.99,0.05,5096296834,True,118724.99
1752831450,118724.99,0.05,5096296835,True,118724.99
1752831450,118724.99,0.05,5096296836,True,118724.99
1752831450,118724.99,0.05,5096296837,True,118724.99
1752831450,118724.99,0.05,5096296838,True,118724.99
1752831450,118724.99,0.05,5096296839,True,118724.99
1752831450,118724.99,0.05,5096296840,True,118724.99
1752831450,118724.99,0.05,5096296841,True,118724.99
1752831450,118724.99,0.05,5096296842,True,118724.99
1752831450,118724.99,0.05,5096296843,True,118724.99
1752831450,118724.99,0.05,5096296844,True,118724.99
1752831450,118724.99,0.05,5096296845,True,118724.99
1752831450,118724.99,0.05,5096296846,True,118724.99
1752831450,118724.99,0.04687,5096296847,True,118724.99
1752831450,118724.99,0.00155,5096296848,True,118724.99
1752831450,118724.99,0.00155,5096296849,True,118724.99
1752831450,118724.99,3e-05,5096296850,True,118724.99
1752831450,118724.99,0.00247,5096296851,True,118724.99
1752831450,118724.99,0.04753,5096296852,True,118724.99
1752831450,118724.99,0.05,5096296853,True,118724.99
1752831451,118724.99,0.00041,5096296854,True,118724.99
1752831451,118725.0,0.0502,5096296855,False,118725.0
1752831451,118725.0,0.01015,5096296856,False,118725.0
1752831451,118725.0,0.07889,5096296857,False,118725.0
1752831451,118725.0,0.01627,5096296858,False,118725.0
1752831451,118725.0,0.0098,5096296859,False,118725.0
1752831451,118725.0,5e-05,5096296860,False,118725.0
1752831451,118724.99,0.05,5096296861,True,118724.99
1752831451,118724.99,0.02915,5096296862,True,118724.99
1752831451,118724.99,0.02085,5096296863,True,118724.99
1752831451,118724.99,0.05,5096296864,True,118724.99
1752831451,118724.99,0.00018,5096296865,True,118724.99
1752831452,118725.0,0.00364,5096296866,False,118725.0
1752831452,118725.0,0.00629,5096296867,False,118725.0
1752831452,118724.99,0.00011,5096296868,True,118724.99
1752831453,118725.0,0.00093,5096296869,False,118725.0
1752831453,118725.0,0.00748,5096296870,False,118725.0
1752831453,118725.0,0.01003,5096296871,False,118725.0
1752831453,118725.0,0.00629,5096296872,False,118725.0
1752831453,118725.0,0.00238,5096296873,False,118725.0
1752831453,118725.0,0.0037,5096296874,False,118725.0
1752831453,118725.0,0.00417,5096296875,False,118725.0
1752831453,118725.0,7e-05,5096296876,False,118725.0
1752831454,118724.99,0.00169,5096296877,True,118724.99
1752831454,118725.0,7e-05,5096296878,False,118725.0
1752831454,118725.0,0.28845,5096296879,False,118725.0
1752831454,118725.0,0.09565,5096296880,False,118725.0
1752831454,118725.0,5e-05,5096296881,False,118725.0
1752831454,118725.0,5e-05,5096296882,False,118725.0
1752831454,118725.0,5e-05,5096296883,False,118725.0
1752831454,118725.0,5e-05,5096296884,False,118725.0
1752831454,118725.0,0.00049,5096296885,False,118725.0
1752831454,118725.0,0.00049,5096296886,False,118725.0
1752831454,118725.0,0.0005,5096296887,False,118725.0
1752831454,118725.0,0.01752,5096296888,False,118725.0
1752831454,118725.0,0.02105,5096296889,False,118725.0
1752831454,118725.0,0.0001,5096296890,False,118725.0
1752831454,118725.0,5e-05,5096296891,False,118725.0
1752831454,118725.0,5e-05,5096296892,False,118725.0
1752831454,118725.0,5e-05,5096296893,False,118725.0
1752831454,118725.0,5e-05,5096296894,False,118725.0
1752831454,118725.0,0.05,5096296895,False,118725.0
1752831454,118725.0,0.00897,5096296896,False,118725.0
1752831454,118725.0,5e-05,5096296897,False,118725.0
1752831454,118725.0,5e-05,5096296898,False,118725.0
1752831454,118725.79,0.05,5096296899,True,118725.79
1752831454,118725.79,0.0001,5096296900,True,118725.79
1752831454,118725.79,5e-05,5096296901,True,118725.79
1752831454,118725.79,5e-05,5096296902,True,118725.79
1752831454,118725.79,0.0498,5096296903,True,118725.79
1752831454,118725.79,0.16098,5096296904,True,118725.79
1752831454,118725.79,0.05,5096296905,True,118725.79
1752831454,118725.79,0.05,5096296906,True,118725.79
1752831454,118725.8,0.0001,5096296907,False,118725.8
1752831454,118725.8,5e-05,5096296908,False,118725.8
1752831454,118725.8,5e-05,5096296909,False,118725.8
1752831454,118725.8,5e-05,5096296910,False,118725.8
1752831454,118725.8,5e-05,5096296911,False,118725.8
1752831454,118725.8,5e-05,5096296912,False,118725.8
1752831454,118725.8,5e-05,5096296913,False,118725.8
1752831454,118725.8,5e-05,5096296914,False,118725.8
1752831454,118725.8,5e-05,5096296915,False,118725.8
1752831454,118725.8,5e-05,5096296916,False,118725.8
1752831454,118725.8,5e-05,5096296917,False,118725.8
1752831454,118726.54,5e-05,5096296918,False,118726.54
1752831454,118726.62,0.00063,5096296919,False,118726.62
1752831454,118727.73,5e-05,5096296920,False,118727.73
1752831454,118727.9,0.00267,5096296921,False,118727.9
1752831454,118727.9,0.0001,5096296922,False,118727.9
1752831454,118727.9,5e-05,5096296923,False,118727.9
1752831454,118727.9,5e-05,5096296924,False,118727.9
1752831454,118727.9,5e-05,5096296925,False,118727.9
1752831454,118727.9,5e-05,5096296926,False,118727.9
1752831454,118727.9,5e-05,5096296927,False,118727.9
1752831454,118728.37,5e-05,5096296928,False,118728.37
1752831454,118728.37,5e-05,5096296929,False,118728.37
1752831454,118728.37,5e-05,5096296930,False,118728.37
1752831454,118728.38,0.00648,5096296931,False,118728.38
1752831454,118728.37,0.0027,5096296932,True,118728.37
1752831454,118728.37,0.0473,5096296933,True,118728.37
1752831454,118728.37,0.05,5096296934,True,118728.37
1752831454,118728.37,0.05,5096296935,True,118728.37
1752831454,118728.37,0.02865,5096296936,True,118728.37
1752831454,118728.37,0.02135,5096296937,True,118728.37
1752831454,118728.37,0.05,5096296938,True,118728.37
1752831454,118728.37,0.05,5096296939,True,118728.37
1752831454,118728.38,0.0001,5096296940,False,118728.38
1752831454,118728.38,5e-05,5096296941,False,118728.38
1752831454,118728.38,5e-05,5096296942,False,118728.38
1752831454,118728.38,5e-05,5096296943,False,118728.38
1752831454,118728.38,5e-05,5096296944,False,118728.38
1752831454,118728.38,5e-05,5096296945,False,118728.38
1752831454,118728.38,5e-05,5096296946,False,118728.38
1752831454,118728.38,5e-05,5096296947,False,118728.38
1752831454,118728.38,5e-05,5096296948,False,118728.38
1752831454,118728.38,5e-05,5096296949,False,118728.38
1752831454,118728.38,5e-05,5096296950,False,118728.38
1752831454,118728.38,0.0337,5096296951,False,118728.38
1752831454,118728.38,0.0206,5096296952,False,118728.38
1752831454,118730.37,0.00034,5096296953,False,118730.37
1752831454,118730.81,0.01492,5096296954,False,118730.81
1752831454,118730.81,5e-05,5096296955,False,118730.81
1752831454,118730.81,5e-05,5096296956,False,118730.81
1752831454,118731.31,5e-05,5096296957,False,118731.31
1752831454,118732.73,9e-05,5096296958,False,118732.73
1752831454,118733.78,5e-05,5096296959,False,118733.78
1752831454,118733.78,5e-05,5096296960,False,118733.78
1752831454,118734.81,0.00068,5096296961,False,118734.81
1752831454,118734.81,5e-05,5096296962,False,118734.81
1752831454,118735.0,0.00014,5096296963,False,118735.0
1752831454,118736.19,0.00126,5096296964,False,118736.19
1752831454,118736.23,9e-05,5096296965,False,118736.23
1752831454,118736.62,0.00085,5096296966,False,118736.62
1752831454,118736.97,5e-05,5096296967,False,118736.97
1752831454,118737.28,0.00071,5096296968,False,118737.28
1752831454,118737.32,6e-05,5096296969,False,118737.32
1752831454,118738.04,5e-05,5096296970,False,118738.04
1752831454,118738.04,5e-05,5096296971,False,118738.04
1752831454,118738.04,5e-05,5096296972,False,118738.04
1752831454,118738.05,5e-05,5096296973,False,118738.05
1752831454,118738.05,5e-05,5096296974,False,118738.05
1752831454,118738.05,5e-05,5096296975,False,118738.05
1752831454,118738.05,5e-05,5096296976,False,118738.05
1752831454,118738.05,5e-05,5096296977,False,118738.05
1752831454,118738.06,5e-05,5096296978,False,118738.06
1752831454,118738.05,0.05,5096296979,True,118738.05
1752831454,118738.05,0.05,5096296980,True,118738.05
1752831454,118738.05,0.05,5096296981,True,118738.05
1752831454,118738.05,0.05,5096296982,True,118738.05
1752831454,118738.05,0.05,5096296983,True,118738.05
1752831454,118738.05,0.05,5096296984,True,118738.05
1752831454,118738.05,0.05,5096296985,True,118738.05
1752831454,118738.05,0.05,5096296986,True,118738.05
1752831455,118738.06,5e-05,5096296987,False,118738.06
1752831455,118738.06,5e-05,5096296988,False,118738.06
1752831455,118738.06,4e-05,5096296989,False,118738.06
1752831455,118738.05,0.00059,5096296990,True,118738.05
1752831455,118738.06,1e-05,5096296991,False,118738.06
1752831455,118738.06,5e-05,5096296992,False,118738.06
1752831455,118738.06,5e-05,5096296993,False,118738.06
1752831455,118738.06,5e-05,5096296994,False,118738.06
1752831455,118738.06,5e-05,5096296995,False,118738.06
1752831455,118738.06,5e-05,5096296996,False,118738.06
1752831455,118738.06,0.01855,5096296997,False,118738.06
1752831455,118738.06,0.00084,5096296998,False,118738.06
1752831455,118738.05,0.00017,5096296999,True,118738.05
1752831455,118738.05,0.05,5096297000,True,118738.05
1752831455,118738.05,0.05,5096297001,True,118738.05
1752831455,118738.05,0.05,5096297002,True,118738.05
1752831455,118738.05,0.05,5096297003,True,118738.05
1752831455,118738.05,0.05,5096297004,True,118738.05
1752831455,118738.05,0.05,5096297005,True,118738.05
1752831455,118738.05,0.05,5096297006,True,118738.05
1752831455,118738.05,0.05,5096297007,True,118738.05
1752831455,118738.05,0.01606,5096297008,True,118738.05
1752831455,118738.05,0.00075,5096297009,True,118738.05
1752831455,118738.05,0.0008,5096297010,True,118738.05
1752831455,118738.05,0.03239,5096297011,True,118738.05
1752831455,118738.05,0.05,5096297012,True,118738.05
1752831455,118738.05,0.05,5096297013,True,118738.05
1752831455,118738.05,0.0435,5096297014,True,118738.05
1752831455,118738.05,0.0065,5096297015,True,118738.05
1752831455,118738.05,0.05,5096297016,True,118738.05
1752831455,118738.05,0.05,5096297017,True,118738.05
1752831455,118738.05,0.05,5096297018,True,118738.05
1752831455,118738.05,0.01939,5096297019,True,118738.05
1752831455,118738.05,0.03061,5096297020,True,118738.05
1752831455,118738.06,0.0001,5096297021,False,118738.06
1752831455,118738.06,0.00252,5096297022,False,118738.06
1752831456,118738.06,0.00737,5096297023,False,118738.06
1752831456,118738.05,0.00675,5096297024,True,118738.05
1752831456,118738.05,0.05,5096297025,True,118738.05
1752831456,118738.06,0.00023,5096297026,False,118738.06
1752831456,118738.05,0.05,5096297027,True,118738.05
1752831456,118738.05,0.00799,5096297028,True,118738.05
1752831456,118738.05,5e-05,5096297029,True,118738.05
1752831456,118738.05,0.04196,5096297030,True,118738.05
1752831456,118738.05,0.05,5096297031,True,118738.05
1752831456,118738.05,0.05,5096297032,True,118738.05
1752831456,118738.05,0.05,5096297033,True,118738.05
1752831456,118738.05,0.05,5096297034,True,118738.05
1752831456,118738.05,0.05,5096297035,True,118738.05
1752831456,118738.05,0.05,5096297036,True,118738.05
1752831456,118738.05,0.05,5096297037,True,118738.05
1752831456,118738.05,0.05,5096297038,True,118738.05
1752831456,118738.05,0.05,5096297039,True,118738.05
1752831456,118738.06,0.04211,5096297040,False,118738.06
1752831456,118738.05,0.00639,5096297041,True,118738.05
1752831456,118738.06,0.0001,5096297042,False,118738.06
1752831456,118738.06,0.00064,5096297043,False,118738.06
1752831456,118738.06,0.00064,5096297044,False,118738.06
1752831456,118738.06,0.00021,5096297045,False,118738.06
1752831456,118738.06,0.00252,5096297046,False,118738.06
1752831456,118738.06,0.0201,5096297047,False,118738.06
1752831456,118738.06,0.0005,5096297048,False,118738.06
1752831456,118738.06,0.0005,5096297049,False,118738.06
1752831456,118738.06,0.02105,5096297050,False,118738.06
1752831456,118738.06,5e-05,5096297051,False,118738.06
1752831456,118738.06,0.00043,5096297052,False,118738.06
1752831456,118738.06,5e-05,5096297053,False,118738.06
1752831456,118738.06,0.01842,5096297054,False,118738.06
1752831456,118738.06,0.00045,5096297055,False,118738.06
1752831456,118738.06,0.00782,5096297056,False,118738.06
1752831456,118738.06,0.00653,5096297057,False,118738.06
1752831456,118738.06,0.00523,5096297058,False,118738.06
1752831456,118738.06,0.00288,5096297059,False,118738.06
1752831456,118738.06,0.00049,5096297060,False,118738.06
1752831456,118738.06,5e-05,5096297061,False,118738.06
1752831456,118738.06,5e-05,5096297062,False,118738.06
1752831456,118738.06,5e-05,5096297063,False,118738.06
1752831456,118738.06,5e-05,5096297064,False,118738.06
1752831456,118738.06,5e-05,5096297065,False,118738.06
1752831456,118738.06,5e-05,5096297066,False,118738.06
1752831456,118738.06,5e-05,5096297067,False,118738.06
1752831456,118738.06,5e-05,5096297068,False,118738.06
1752831456,118738.06,0.00063,5096297069,False,118738.06
1752831456,118738.06,0.0045,5096297070,False,118738.06
1752831456,118738.06,0.0045,5096297071,False,118738.06
1752831457,118738.06,0.00046,5096297072,False,118738.06
1752831457,118738.06,0.01539,5096297073,False,118738.06
1752831457,118738.06,0.0017,5096297074,False,118738.06
1752831457,118738.06,0.0045,5096297075,False,118738.06
1752831457,118738.06,0.01197,5096297076,False,118738.06
1752831457,118738.06,0.00327,5096297077,False,118738.06
1752831457,118738.06,0.0024,5096297078,False,118738.06
1752831457,118738.06,0.00012,5096297079,False,118738.06
1752831457,118738.06,0.00056,5096297080,False,118738.06
1752831457,118738.06,5e-05,5096297081,False,118738.06
1752831457,118738.06,5e-05,5096297082,False,118738.06
1752831457,118738.06,5e-05,5096297083,False,118738.06
1752831457,118738.06,5e-05,5096297084,False,118738.06
1752831457,118738.06,5e-05,5096297085,False,118738.06
1752831457,118738.06,5e-05,5096297086,False,118738.06
1752831457,118738.06,9e-05,5096297087,False,118738.06
1752831457,118738.06,0.00041,5096297088,False,118738.06
1752831457,118738.06,0.00049,5096297089,False,118738.06
1752831457,118738.06,5e-05,5096297090,False,118738.06
1752831457,118738.06,5e-05,5096297091,False,118738.06
1752831457,118738.06,5e-05,5096297092,False,118738.06
1752831457,118738.06,5e-05,5096297093,False,118738.06
1752831457,118738.06,5e-05,5096297094,False,118738.06
1752831457,118738.06,5e-05,5096297095,False,118738.06
1752831457,118738.06,5e-05,5096297096,False,118738.06
1752831457,118738.06,5e-05,5096297097,False,118738.06
1752831457,118738.06,0.02186,5096297098,False,118738.06
1752831457,118738.06,0.00049,5096297099,False,118738.06
1752831457,118738.06,5e-05,5096297100,False,118738.06
1752831457,118738.06,5e-05,5096297101,False,118738.06
1752831457,118738.06,0.00151,5096297102,False,118738.06
1752831457,118738.06,0.00359,5096297103,False,118738.06
1752831457,118738.06,5e-05,5096297104,False,118738.06
1752831457,118738.06,5e-05,5096297105,False,118738.06
1752831457,118738.06,0.00081,5096297106,False,118738.06
1752831457,118738.06,0.0023,5096297107,False,118738.06
1752831457,118738.06,0.00064,5096297108,False,118738.06
1752831457,118738.06,0.01606,5096297109,False,118738.06
1752831457,118738.06,0.0025,5096297110,False,118738.06
1752831457,118738.06,0.0024,5096297111,False,118738.06
1752831457,118738.06,0.004,5096297112,False,118738.06
1752831457,118738.06,0.0045,5096297113,False,118738.06
1752831457,118738.06,0.0037,5096297114,False,118738.06
1752831457,118738.06,0.0045,5096297115,False,118738.06
1752831457,118738.06,0.0029,5096297116,False,118738.06
1752831457,118738.05,0.0452,5096297117,True,118738.05
1752831457,118738.06,0.00391,5096297118,False,118738.06
1752831458,118738.05,8e-05,5096297119,True,118738.05
1752831458,118738.05,0.00012,5096297120,True,118738.05
1752831458,118738.06,0.00016,5096297121,False,118738.06
1752831459,118738.06,0.00162,5096297122,False,118738.06
1752831459,118738.06,5e-05,5096297123,False,118738.06
1752831459,118738.06,5e-05,5096297124,False,118738.06
1752831459,118738.06,5e-05,5096297125,False,118738.06
1752831459,118738.06,5e-05,5096297126,False,118738.06
1752831459,118738.06,5e-05,5096297127,False,118738.06
1752831459,118738.06,5e-05,5096297128,False,118738.06
1752831459,118738.06,5e-05,5096297129,False,118738.06
1752831459,118738.06,5e-05,5096297130,False,118738.06
1752831459,118738.06,5e-05,5096297131,False,118738.06
1752831459,118738.06,5e-05,5096297132,False,118738.06
1752831459,118738.06,5e-05,5096297133,False,118738.06
1752831459,118738.06,5e-05,5096297134,False,118738.06
1752831459,118738.06,0.01098,5096297135,False,118738.06
1752831459,118738.06,0.00739,5096297136,False,118738.06
1752831459,118738.06,0.00049,5096297137,False,118738.06
1752831459,118738.06,0.00049,5096297138,False,118738.06
1752831459,118738.06,0.00049,5096297139,False,118738.06
1752831459,118738.06,5e-05,5096297140,False,118738.06
1752831459,118738.07,0.02765,5096297141,False,118738.07
1752831459,118738.07,0.10758,5096297142,False,118738.07
1752831459,118738.07,0.03656,5096297143,False,118738.07
1752831459,118738.07,0.05353,5096297144,False,118738.07
1752831459,118738.07,0.05353,5096297145,False,118738.07
1752831459,118738.07,0.00625,5096297146,False,118738.07
1752831459,118738.07,5e-05,5096297147,False,118738.07
1752831459,118738.07,5e-05,5096297148,False,118738.07
1752831459,118738.87,0.0001,5096297149,False,118738.87
1752831459,118738.86,0.00125,5096297150,True,118738.86
1752831459,118738.86,0.0013,5096297151,True,118738.86
1752831459,118738.06,0.04745,5096297152,True,118738.06
1752831459,118738.07,5e-05,5096297153,False,118738.07
1752831459,118738.07,5e-05,5096297154,False,118738.07
1752831459,118738.07,5e-05,5096297155,False,118738.07
1752831459,118738.07,5e-05,5096297156,False,118738.07
1752831459,118738.07,5e-05,5096297157,False,118738.07
1752831459,118738.87,0.00011,5096297158,False,118738.87
1752831459,118738.88,0.00042,5096297159,False,118738.88
1752831459,118738.89,0.00063,5096297160,False,118738.89
1752831459,118738.92,0.0351,5096297161,False,118738.92
1752831459,118738.92,5e-05,5096297162,False,118738.92
1752831459,118738.92,5e-05,5096297163,False,118738.92
1752831459,118739.67,5e-05,5096297164,False,118739.67
1752831459,118739.99,5e-05,5096297165,False,118739.99
1752831459,118739.99,5e-05,5096297166,False,118739.99
1752831459,118739.99,5e-05,5096297167,False,118739.99
1752831459,118740.0,0.00015,5096297168,False,118740.0
1752831459,118740.0,0.002,5096297169,False,118740.0
1752831459,118740.0,0.00352,5096297170,False,118740.0
1752831459,118740.0,0.00104,5096297171,False,118740.0
1752831459,118740.0,0.0158,5096297172,False,118740.0
1752831459,118740.0,0.001,5096297173,False,118740.0
1752831459,118740.0,5e-05,5096297174,False,118740.0
1752831459,118740.0,5e-05,5096297175,False,118740.0
1752831459,118740.0,5e-05,5096297176,False,118740.0
1752831459,118740.0,5e-05,5096297177,False,118740.0
1752831459,118740.0,5e-05,5096297178,False,118740.0
1752831459,118740.0,5e-05,5096297179,False,118740.0
1752831459,118740.0,5e-05,5096297180,False,118740.0
1752831459,118740.0,5e-05,5096297181,False,118740.0
1752831459,118740.0,5e-05,5096297182,False,118740.0
1752831459,118740.1,7e-05,5096297183,False,118740.1
1752831459,118740.44,0.0005,5096297184,False,118740.44
1752831459,118740.86,5e-05,5096297185,False,118740.86
1752831459,118743.01,5e-05,5096297186,False,118743.01
1752831459,118743.01,5e-05,5096297187,False,118743.01
1752831459,118743.01,5e-05,5096297188,False,118743.01
1752831459,118743.02,0.00724,5096297189,False,118743.02
1752831459,118743.01,0.0009,5096297190,True,118743.01
1752831459,118743.01,0.00085,5096297191,True,118743.01
1752831459,118743.01,0.04825,5096297192,True,118743.01
1752831459,118743.01,0.05,5096297193,True,118743.01
1752831459,118743.02,0.00252,5096297194,False,118743.02
1752831459,118743.01,0.05,5096297195,True,118743.01
1752831459,118743.01,0.02687,5096297196,True,118743.01
1752831459,118743.01,0.02313,5096297197,True,118743.01
1752831459,118743.01,0.05,5096297198,True,118743.01
1752831459,118743.01,0.05,5096297199,True,118743.01
1752831459,118743.01,0.05,5096297200,True,118743.01
1752831459,118743.01,0.00199,5096297201,True,118743.01
1752831459,118743.01,0.04801,5096297202,True,118743.01
1752831459,118743.01,0.05,5096297203,True,118743.01
1752831459,118743.01,0.05,5096297204,True,118743.01
1752831459,118743.01,0.05,5096297205,True,118743.01
1752831459,118743.01,0.05,5096297206,True,118743.01
1752831459,118743.01,0.05,5096297207,True,118743.01
1752831459,118743.01,0.05,5096297208,True,118743.01
1752831459,118743.01,0.05,5096297209,True,118743.01
1752831459,118743.01,0.01517,5096297210,True,118743.01
1752831459,118743.01,0.03483,5096297211,True,118743.01
1752831459,118743.02,0.0027,5096297212,False,118743.02
1752831459,118743.01,0.05,5096297213,True,118743.01
1752831459,118743.02,0.00012,5096297214,False,118743.02
1752831459,118743.02,0.00799,5096297215,False,118743.02
1752831460,118743.01,0.05,5096297216,True,118743.01
1752831460,118743.01,0.05,5096297217,True,118743.01
1752831460,118743.01,0.05,5096297218,True,118743.01
1752831460,118743.01,0.05,5096297219,True,118743.01
1752831460,118743.01,0.05,5096297220,True,118743.01
1752831460,118743.01,0.04999,5096297221,True,118743.01
1752831460,118743.01,0.00787,5096297222,True,118743.01
1752831461,118743.02,0.00014,5096297223,False,118743.02
1752831461,118743.01,8e-05,5096297224,True,118743.01
1752831461,118743.02,6e-05,5096297225,False,118743.02
1752831461,118743.02,0.00019,5096297226,False,118743.02
1752831462,118743.02,6e-05,5096297227,False,118743.02
1752831462,118743.02,0.00699,5096297228,False,118743.02
1752831462,118743.02,0.00051,5096297229,False,118743.02
1752831463,118743.01,0.00094,5096297230,True,118743.01
1752831463,118743.02,0.00082,5096297231,False,118743.02
1752831463,118743.02,0.00136,5096297232,False,118743.02
1752831463,118743.01,0.0598,5096297233,True,118743.01
1752831463,118743.01,0.001,5096297234,True,118743.01
1752831463,118743.01,0.001,5096297235,True,118743.01
1752831464,118743.02,0.00042,5096297236,False,118743.02
1752831464,118743.01,0.00015,5096297237,True,118743.01
1752831464,118743.01,0.00012,5096297238,True,118743.01
1752831464,118743.02,0.00257,5096297239,False,118743.02
1752831466,118743.01,0.0005,5096297240,True,118743.01
1752831466,118743.02,0.00647,5096297241,False,118743.02
1752831467,118743.02,0.00016,5096297242,False,118743.02
1752831467,118743.02,4e-05,5096297243,False,118743.02
1752831468,118743.02,5e-05,5096297244,False,118743.02
1752831468,118743.02,0.00057,5096297245,False,118743.02
1752831468,118743.01,7e-05,5096297246,True,118743.01
1752831469,118743.01,0.001,5096297247,True,118743.01
1752831469,118743.02,6e-05,5096297248,False,118743.02
1752831469,118743.02,0.00713,5096297249,False,118743.02
1752831469,118743.02,0.002,5096297250,False,118743.02
1752831469,118743.01,0.0156,5096297251,True,118743.01
1752831470,118743.01,0.00015,5096297252,True,118743.01
1752831470,118743.02,0.00012,5096297253,False,118743.02
1752831470,118743.02,0.00274,5096297254,False,118743.02
1752831470,118743.02,0.00024,5096297255,False,118743.02
1752831471,118743.01,7e-05,5096297256,True,118743.01
1752831471,118743.02,0.00311,5096297257,False,118743.02
1752831472,118743.01,0.01658,5096297258,True,118743.01
1752831473,118743.01,0.0016,5096297259,True,118743.01
1752831473,118743.01,0.00012,5096297260,True,118743.01
1752831473,118743.01,0.00167,5096297261,True,118743.01
1752831473,118743.01,0.00118,5096297262,True,118743.01
1752831473,118743.02,0.00931,5096297263,False,118743.02
1752831474,118743.01,9e-05,5096297264,True,118743.01
1752831474,118743.02,0.00075,5096297265,False,118743.02
1752831474,118743.02,0.00048,5096297266,False,118743.02
1752831475,118743.02,0.00085,5096297267,False,118743.02
1752831476,118743.01,0.12505,5096297268,True,118743.01
1752831476,118743.02,0.00025,5096297269,False,118743.02
1752831476,118743.02,0.00694,5096297270,False,118743.02
1752831476,118743.01,9e-05,5096297271,True,118743.01
1752831477,118743.01,0.00485,5096297272,True,118743.01
1752831477,118743.02,6e-05,5096297273,False,118743.02
1752831477,118743.02,0.00064,5096297274,False,118743.02
1752831477,118743.01,0.00056,5096297275,True,118743.01
1752831477,118743.02,0.00017,5096297276,False,118743.02
1752831478,118743.02,0.0144,5096297277,False,118743.02
1752831478,118743.02,0.00049,5096297278,False,118743.02
1752831478,118743.02,0.0337,5096297279,False,118743.02
1752831478,118743.02,0.04728,5096297280,False,118743.02
1752831479,118743.02,0.00023,5096297281,False,118743.02
1752831479,118743.02,0.00117,5096297282,False,118743.02
1752831479,118743.02,0.00176,5096297283,False,118743.02
1752831479,118743.02,0.00063,5096297284,False,118743.02
1752831480,118743.02,0.0152,5096297285,False,118743.02
1752831480,118743.02,0.0005,5096297286,False,118743.02
1752831480,118743.02,0.02105,5096297287,False,118743.02
1752831480,118743.02,0.00084,5096297288,False,118743.02
1752831480,118743.02,0.02396,5096297289,False,118743.02
1752831480,118743.02,0.00278,5096297290,False,118743.02
1752831480,118743.02,0.02759,5096297291,False,118743.02
1752831480,118743.02,0.10413,5096297292,False,118743.02
1752831480,118743.02,0.07093,5096297293,False,118743.02
1752831480,118743.02,0.01651,5096297294,False,118743.02
1752831480,118743.02,0.03075,5096297295,False,118743.02
1752831480,118743.02,0.00116,5096297296,False,118743.02
1752831480,118743.02,0.0005,5096297297,False,118743.02
1752831480,118743.02,0.00307,5096297298,False,118743.02
1752831480,118743.02,0.0118,5096297299,False,118743.02
1752831480,118743.25,5e-05,5096297300,False,118743.25
1752831480,118743.83,0.00021,5096297301,False,118743.83
1752831480,118743.84,0.00042,5096297302,False,118743.84
1752831480,118743.85,0.00063,5096297303,False,118743.85
1752831480,118744.0,0.00015,5096297304,False,118744.0
1752831480,118744.0,0.002,5096297305,False,118744.0
1752831480,118744.45,5e-05,5096297306,False,118744.45
1752831480,118745.01,0.00026,5096297307,False,118745.01
1752831480,118745.4,0.0005,5096297308,False,118745.4
1752831480,118745.64,5e-05,5096297309,False,118745.64
1752831480,118746.92,5e-05,5096297310,False,118746.92
1752831480,118748.0,0.00015,5096297311,False,118748.0
1752831480,118748.0,0.002,5096297312,False,118748.0
1752831480,118748.03,5e-05,5096297313,False,118748.03
1752831480,118748.69,0.00069,5096297314,False,118748.69
1752831480,118750.0,0.005,5096297315,False,118750.0
1752831480,118750.96,5e-05,5096297316,False,118750.96
1752831480,118749.22,5e-05,5096297317,False,118749.22
1752831480,118750.42,5e-05,5096297318,False,118750.42
1752831480,118751.93,0.00071,5096297319,False,118751.93
1752831480,118752.0,0.00015,5096297320,False,118752.0
1752831480,118752.0,0.002,5096297321,False,118752.0
1752831480,118752.34,5e-05,5096297322,False,118752.34
1752831480,118752.34,5e-05,5096297323,False,118752.34
1752831480,118752.34,5e-05,5096297324,False,118752.34
1752831480,118752.81,5e-05,5096297325,False,118752.81
1752831480,118753.75,5e-05,5096297326,False,118753.75
1752831480,118753.75,5e-05,5096297327,False,118753.75
1752831480,118753.75,5e-05,5096297328,False,118753.75
1752831480,118754.04,5e-05,5096297329,False,118754.04
1752831480,118754.04,5e-05,5096297330,False,118754.04
1752831480,118754.04,5e-05,5096297331,False,118754.04
1752831480,118754.31,5e-05,5096297332,False,118754.31
1752831480,118754.31,5e-05,5096297333,False,118754.31
1752831480,118754.31,5e-05,5096297334,False,118754.31
1752831480,118754.32,0.06119,5096297335,False,118754.32
1752831480,118754.32,0.018,5096297336,False,118754.32
1752831480,118754.32,0.00252,5096297337,False,118754.32
1752831480,118754.32,0.08026,5096297338,False,118754.32
1752831480,118754.32,0.02913,5096297339,False,118754.32
1752831480,118754.32,0.0005,5096297340,False,118754.32
1752831481,118754.32,0.0005,5096297341,False,118754.32
1752831481,118754.32,0.01158,5096297342,False,118754.32
1752831481,118754.32,0.0196,5096297343,False,118754.32
1752831481,118754.82,0.00072,5096297344,False,118754.82
1752831481,118755.0,0.00018,5096297345,False,118755.0
1752831481,118755.13,0.00021,5096297346,False,118755.13
1752831481,118755.14,0.00042,5096297347,False,118755.14
1752831481,118755.15,0.00063,5096297348,False,118755.15
1752831481,118755.52,0.00272,5096297349,False,118755.52
1752831481,118756.0,0.00015,5096297350,False,118756.0
1752831481,118756.0,0.00108,5096297351,False,118756.0
1752831481,118756.0,0.00092,5096297352,False,118756.0
1752831481,118756.0,0.0005,5096297353,False,118756.0
1752831481,118756.7,0.0001,5096297354,False,118756.7
1752831481,118756.69,0.00017,5096297355,True,118756.69
1752831481,118756.7,0.00049,5096297356,False,118756.7
1752831481,118756.69,0.00026,5096297357,True,118756.69
1752831481,118756.69,0.00014,5096297358,True,118756.69
1752831481,118756.7,0.00096,5096297359,False,118756.7
1752831481,118756.7,0.004,5096297360,False,118756.7
1752831482,118756.7,0.00049,5096297361,False,118756.7
1752831482,118756.7,0.004,5096297362,False,118756.7
1752831482,118756.7,0.00049,5096297363,False,118756.7
1752831482,118756.7,0.0005,5096297364,False,118756.7
1752831482,118756.7,0.00043,5096297365,False,118756.7
1752831482,118756.7,0.01815,5096297366,False,118756.7
1752831482,118756.7,0.00692,5096297367,False,118756.7
1752831482,118756.7,0.00049,5096297368,False,118756.7
1752831482,118756.69,0.00926,5096297369,True,118756.69
1752831483,118756.69,0.00628,5096297370,True,118756.69
1752831483,118756.69,0.01018,5096297371,True,118756.69
1752831484,118756.7,0.00032,5096297372,False,118756.7
1752831484,118756.7,0.00176,5096297373,False,118756.7
1752831485,118756.7,6e-05,5096297374,False,118756.7
1752831485,118756.7,5e-05,5096297375,False,118756.7
1752831485,118756.69,0.04179,5096297376,True,118756.69
1752831485,118756.7,0.01873,5096297377,False,118756.7
1752831485,118756.7,0.0337,5096297378,False,118756.7
1752831485,118756.7,0.0005,5096297379,False,118756.7
1752831485,118756.7,0.0329,5096297380,False,118756.7
1752831485,118756.7,0.2781,5096297381,False,118756.7
1752831485,118756.7,0.00049,5096297382,False,118756.7
1752831485,118756.7,0.0012,5096297383,False,118756.7
1752831485,118756.7,0.0229,5096297384,False,118756.7
1752831485,118756.7,0.00609,5096297385,False,118756.7
1752831485,118756.7,0.0012,5096297386,False,118756.7
1752831485,118756.7,0.0578,5096297387,False,118756.7
1752831485,118756.7,0.01239,5096297388,False,118756.7
1752831485,118756.69,0.00039,5096297389,True,118756.69
1752831486,118756.69,0.01698,5096297390,True,118756.69
1752831486,118756.69,6e-05,5096297391,True,118756.69
1752831486,118756.7,0.00049,5096297392,False,118756.7
1752831486,118756.7,0.00026,5096297393,False,118756.7
1752831486,118756.69,0.00404,5096297394,True,118756.69
1752831486,118756.7,0.0203,5096297395,False,118756.7
1752831486,118756.7,0.0639,5096297396,False,118756.7
1752831486,118756.7,0.02501,5096297397,False,118756.7
1752831487,118756.7,7e-05,5096297398,False,118756.7
1752831487,118756.7,0.00122,5096297399,False,118756.7
1752831487,118756.7,0.00037,5096297400,False,118756.7
1752831488,118756.7,0.0842,5096297401,False,118756.7
1752831488,118756.69,0.00016,5096297402,True,118756.69
1752831488,118756.7,6e-05,5096297403,False,118756.7
1752831489,118756.69,8e-05,5096297404,True,118756.69
1752831489,118756.69,0.00029,5096297405,True,118756.69
1752831489,118756.7,0.018,5096297406,False,118756.7
1752831489,118756.7,0.00578,5096297407,False,118756.7
1752831489,118756.7,0.00027,5096297408,False,118756.7
1752831489,118756.7,0.00049,5096297409,False,118756.7
1752831489,118756.7,0.04045,5096297410,False,118756.7
1752831489,118756.7,0.0005,5096297411,False,118756.7
1752831489,118756.7,0.00919,5096297412,False,118756.7
1752831489,118756.7,0.02105,5096297413,False,118756.7
1752831489,118756.7,0.00016,5096297414,False,118756.7
1752831489,118756.7,0.25264,5096297415,False,118756.7
1752831489,118756.7,0.00897,5096297416,False,118756.7
1752831489,118756.7,0.0051,5096297417,False,118756.7
1752831489,118757.52,0.00042,5096297418,False,118757.52
1752831489,118757.53,0.00063,5096297419,False,118757.53
1752831489,118757.53,0.00042,5096297420,False,118757.53
1752831489,118757.9,0.0056,5096297421,False,118757.9
1752831489,118758.11,5e-05,5096297422,False,118758.11
1752831489,118758.11,5e-05,5096297423,False,118758.11
1752831489,118758.11,5e-05,5096297424,False,118758.11
1752831489,118758.12,0.04767,5096297425,False,118758.12
1752831489,118758.78,5e-05,5096297426,False,118758.78
1752831489,118758.97,5e-05,5096297427,False,118758.97
1752831489,118758.97,5e-05,5096297428,False,118758.97
1752831489,118758.97,5e-05,5096297429,False,118758.97
1752831489,118758.98,0.00334,5096297430,False,118758.98
1752831489,118758.98,0.00252,5096297431,False,118758.98
1752831489,118758.98,0.0186,5096297432,False,118758.98
1752831489,118759.08,0.0005,5096297433,False,118759.08
1752831489,118759.56,0.0002,5096297434,False,118759.56
1752831489,118759.8,0.00126,5096297435,False,118759.8
1752831489,118759.97,5e-05,5096297436,False,118759.97
1752831489,118759.99,5e-05,5096297437,False,118759.99
1752831489,118759.99,5e-05,5096297438,False,118759.99
1752831489,118759.99,5e-05,5096297439,False,118759.99
1752831489,118760.0,5e-05,5096297440,False,118760.0
1752831489,118760.0,0.00015,5096297441,False,118760.0
1752831489,118760.0,0.002,5096297442,False,118760.0
1752831489,118760.0,0.00614,5096297443,False,118760.0
1752831489,118760.0,0.00118,5096297444,False,118760.0
1752831489,118760.0,0.00037,5096297445,False,118760.0
1752831489,118760.0,0.00116,5096297446,False,118760.0
1752831489,118760.0,0.00303,5096297447,False,118760.0
1752831489,118760.0,0.00158,5096297448,False,118760.0
1752831489,118760.0,0.00107,5096297449,False,118760.0
1752831489,118760.0,0.00069,5096297450,False,118760.0
1752831489,118760.0,0.00162,5096297451,False,118760.0
1752831489,118760.83,0.00043,5096297452,True,118760.83
1752831489,118760.83,0.00044,5096297453,True,118760.83
1752831489,118760.84,0.0005,5096297454,False,118760.84
1752831489,118760.84,0.00202,5096297455,False,118760.84
1752831490,118760.84,0.03238,5096297456,False,118760.84
1752831490,118760.84,0.00049,5096297457,False,118760.84
1752831490,118760.84,0.00084,5096297458,False,118760.84
1752831490,118760.84,0.00049,5096297459,False,118760.84
1752831491,118760.83,0.00017,5096297460,True,118760.83
1752831491,118760.84,0.00074,5096297461,False,118760.84
1752831491,118760.84,0.00044,5096297462,False,118760.84
1752831491,118760.84,0.00049,5096297463,False,118760.84
1752831491,118760.84,0.00348,5096297464,False,118760.84
1752831491,118760.84,0.00135,5096297465,False,118760.84
1752831491,118760.84,8e-05,5096297466,False,118760.84
1752831491,118760.84,0.0012,5096297467,False,118760.84
1752831491,118760.84,0.00252,5096297468,False,118760.84
1752831492,118760.84,0.00153,5096297469,False,118760.84
1752831492,118760.84,0.00049,5096297470,False,118760.84
1752831492,118760.84,0.01942,5096297471,False,118760.84
1752831492,118760.84,0.00163,5096297472,False,118760.84
1752831492,118760.84,0.00937,5096297473,False,118760.84
1752831492,118760.84,0.00049,5096297474,False,118760.84
1752831492,118760.84,0.004,5096297475,False,118760.84
1752831493,118760.84,0.00252,5096297476,False,118760.84
1752831493,118760.84,0.00051,5096297477,False,118760.84
1752831493,118760.84,6e-05,5096297478,False,118760.84
1752831493,118760.84,0.01388,5096297479,False,118760.84
1752831493,118760.84,0.00049,5096297480,False,118760.84
1752831493,118760.84,0.00162,5096297481,False,118760.84
1752831493,118760.84,0.00245,5096297482,False,118760.84
1752831493,118760.84,0.0005,5096297483,False,118760.84
1752831493,118760.84,0.0016,5096297484,False,118760.84
1752831493,118762.52,0.00063,5096297485,False,118762.52
1752831493,118763.22,0.0005,5096297486,False,118763.22
1752831493,118763.22,0.00386,5096297487,False,118763.22
1752831493,118763.21,0.00017,5096297488,True,118763.21
1752831493,118763.22,0.00049,5096297489,False,118763.22
1752831493,118763.21,7e-05,5096297490,True,118763.21
1752831493,118763.22,0.02665,5096297491,False,118763.22
1752831493,118763.22,0.0005,5096297492,False,118763.22
1752831493,118763.22,0.0005,5096297493,False,118763.22
1752831494,118763.33,0.00014,5096297494,False,118763.33
1752831494,118763.33,0.00049,5096297495,False,118763.33
1752831494,118763.34,5e-05,5096297496,False,118763.34
1752831494,118763.34,5e-05,5096297497,False,118763.34
1752831494,118763.34,5e-05,5096297498,False,118763.34
1752831494,118763.35,0.02385,5096297499,False,118763.35
1752831494,118763.35,0.01124,5096297500,False,118763.35
1752831494,118764.0,0.00015,5096297501,False,118764.0
1752831494,118764.0,0.002,5096297502,False,118764.0
1752831494,118764.06,0.00121,5096297503,False,118764.06
1752831494,118764.06,5e-05,5096297504,False,118764.06
1752831494,118765.6,0.00049,5096297505,False,118765.6
1752831494,118768.0,0.00015,5096297506,False,118768.0
1752831494,118768.0,0.00188,5096297507,False,118768.0
1752831494,118768.0,0.00012,5096297508,False,118768.0
1752831494,118768.84,0.00126,5096297509,False,118768.84
1752831494,118769.85,0.00049,5096297510,False,118769.85
1752831494,118769.85,0.01462,5096297511,False,118769.85
1752831494,118769.85,0.00049,5096297512,False,118769.85
1752831494,118769.85,0.0181,5096297513,False,118769.85
1752831494,118769.85,0.03899,5096297514,False,118769.85
1752831494,118769.85,0.0005,5096297515,False,118769.85
1752831494,118769.85,0.02104,5096297516,False,118769.85
1752831494,118769.85,0.00049,5096297517,False,118769.85
1752831494,118769.85,0.03101,5096297518,False,118769.85
1752831494,118769.89,0.00051,5096297519,False,118769.89
1752831494,118770.26,0.00126,5096297520,False,118770.26
1752831494,118770.69,0.00126,5096297521,False,118770.69
1752831494,118770.69,0.01239,5096297522,False,118770.69
1752831494,118770.72,5e-05,5096297523,False,118770.72
1752831494,118772.0,0.00015,5096297524,False,118772.0
1752831494,118772.0,0.002,5096297525,False,118772.0
1752831494,118772.05,0.00037,5096297526,False,118772.05
1752831494,118772.4,5e-05,5096297527,False,118772.4
1752831494,118772.4,5e-05,5096297528,False,118772.4
1752831494,118772.4,5e-05,5096297529,False,118772.4
1752831494,118772.41,0.099,5096297530,False,118772.41
1752831494,118772.85,0.00126,5096297531,False,118772.85
1752831494,118774.59,0.00126,5096297532,False,118774.59
1752831494,118776.0,0.00015,5096297533,False,118776.0
1752831494,118776.0,0.002,5096297534,False,118776.0
1752831494,118776.69,5e-05,5096297535,False,118776.69
1752831494,118776.85,0.00032,5096297536,False,118776.85
1752831494,118776.84,0.00024,5096297537,True,118776.84
1752831495,118776.85,0.00049,5096297538,False,118776.85
1752831495,118776.85,0.00045,5096297539,False,118776.85
1752831495,118776.85,4e-05,5096297540,False,118776.85
1752831495,118776.85,8e-05,5096297541,False,118776.85
1752831495,118776.84,0.00368,5096297542,True,118776.84
1752831495,118776.85,0.01268,5096297543,False,118776.85
1752831495,118776.85,0.0005,5096297544,False,118776.85
1752831495,118776.85,0.02104,5096297545,False,118776.85
1752831495,118776.85,0.00049,5096297546,False,118776.85
1752831495,118776.85,0.00081,5096297547,False,118776.85
1752831495,118776.85,0.00045,5096297548,False,118776.85
1752831495,118777.54,0.00026,5096297549,False,118777.54
1752831495,118777.55,0.00056,5096297550,False,118777.55
1752831495,118779.22,5e-05,5096297551,False,118779.22
1752831495,118779.23,0.0005,5096297552,False,118779.23
1752831495,118779.99,5e-05,5096297553,False,118779.99
1752831495,118779.99,5e-05,5096297554,False,118779.99
1752831495,118779.99,5e-05,5096297555,False,118779.99
1752831495,118780.0,0.00548,5096297556,False,118780.0
1752831495,118780.0,0.00056,5096297557,False,118780.0
1752831495,118780.0,0.00015,5096297558,False,118780.0
1752831495,118780.0,0.002,5096297559,False,118780.0
1752831495,118780.0,0.01684,5096297560,False,118780.0
1752831495,118780.0,5e-05,5096297561,False,118780.0
1752831495,118780.36,0.00258,5096297562,False,118780.36
1752831495,118780.6,0.01485,5096297563,False,118780.6
1752831495,118781.25,5e-05,5096297564,False,118781.25
1752831495,118781.25,5e-05,5096297565,False,118781.25
1752831495,118781.25,5e-05,5096297566,False,118781.25
1752831495,118781.25,0.04261,5096297567,True,118781.25
1752831495,118781.25,0.00022,5096297568,True,118781.25
1752831496,118781.25,0.00198,5096297569,True,118781.25
1752831496,118781.26,0.00049,5096297570,False,118781.26
1752831496,118781.25,0.00045,5096297571,True,118781.25
1752831496,118781.26,0.00049,5096297572,False,118781.26
1752831496,118781.26,0.00308,5096297573,False,118781.26
1752831497,118781.26,0.00013,5096297574,False,118781.26
1752831498,118781.26,8e-05,5096297575,False,118781.26
1752831498,118781.26,8e-05,5096297576,False,118781.26
1752831498,118781.26,0.0002,5096297577,False,118781.26
1752831498,118781.26,1e-05,5096297578,False,118781.26
1752831498,118781.26,0.004,5096297579,False,118781.26
1752831498,118781.26,0.00152,5096297580,False,118781.26
1752831498,118781.26,0.00017,5096297581,False,118781.26
1752831499,118781.26,0.00013,5096297582,False,118781.26
1752831499,118781.26,8e-05,5096297583,False,118781.26
1752831499,118781.26,0.0002,5096297584,False,118781.26
1752831499,118781.26,0.01493,5096297585,False,118781.26
1752831499,118781.26,0.0005,5096297586,False,118781.26
1752831499,118781.26,0.02625,5096297587,False,118781.26
1752831499,118781.26,7e-05,5096297588,False,118781.26
1752831499,118781.26,0.04243,5096297589,False,118781.26
1752831499,118781.26,8e-05,5096297590,False,118781.26
1752831499,118781.26,0.00021,5096297591,False,118781.26
1752831499,118781.26,0.00013,5096297592,False,118781.26
1752831499,118781.26,8e-05,5096297593,False,118781.26
